Name,Industry
Ace Athletics,Sports Equipment
AlphaAccessories,Accessory Subscription
AlphaApparel,Clothing Retailer
AlphaArt,Art Subscription Box
Artisan Oven,Artisanal Bakery
ArtisanArmor,Custom Jewelry
Artistic Expressions,Art Supplies
BetaBaking,Baking Subscription
BetaBeauty,Beauty Product Subscription
BitzBooks,Online Bookstore
BloomBox Flowers,Flower Delivery
Bountiful Books,Bookstore
BravoBites,Meal Delivery Service
Bright Beginnings,Child Care Services
Brilliant Blooms,Floral Arrangements
CharlieChargers,Phone Accessories
Chic Chocolates,Chocolate Shop
ChiCheese,Cheese Subscription
ChiChocolates,Chocolate Subscription
Creative Coding,Coding Education
DeltaDecor,Home Decor Retailer
DeltaDesigns,Home Decor Subscription
DeltaDrinks,Drink Subscription
Dynamic Drones,Drone Technology
EchoEducation,Online Learning Platform
Eco-Friendly Cleaning Solutions,Cleaning Services
EcoEase Solutions,Eco-friendly Products
Elegant Events,Event Planning
EpsilonEco,Eco-Friendly Product Subscription
EpsilonEducation,Online Learning Subscription
Esteemed Education,Private School
EtaEntertainment,Movie Ticket Subscription
EtaEscapeRooms,Escape Room Subscription
Fantastic Furnishings,Furniture Store
FarmFresh,Organic Food Delivery
Fashion Forward,Clothing Retail
Fit For Life,Health and Fitness
FitFam Fitness,Health and Fitness
FitFusion,Fitness App
FoxtrotFitness,Gym Chain
GammaGames,Board Game Subscription
GammaGardening,Gardening Subscription
GigaBytes Tech,IT Services
GigaGadgets,Electronics Retailer
Glamorous Gaming,Video Game Store
Global Goods,Fair Trade Imports
GlowGuru,Skincare Products
GolfGenius,Golf Equipment
Gourmet Grub,Meal Delivery Service
Green Thumb Gardening,Landscaping Services
GreenGlow,Eco-friendly Cleaning Products
Harmonious Homes,Interior Design
Healthy Habits,Health and Wellness
HomeHaven,Home Decor Subscription Box
HotelHaven,Hotel Booking Platform
Innovative Ideas,Creative Consulting
InspireInnovations,Technology Incubator
Inspiring Instruments,Musical Instrument Store
IotaIceCream,Ice Cream Subscription
IotaImprov,Improv Class Subscription
Joyful Jewels,Jewelry Store
Joyful Journeys,Travel Agency
JunoJewelry,Fine Jewelry Retailer
KaleidoscopeKids,Children's Clothing Retailer
KappaKids,Children's Book Subscription
KappaKnitting,Knitting Subscription
KidKonnect,Educational Toys
Knowledge Navigators,Tutoring Services
Knowledgeable Knits,Yarn Store
LambdaLanguages,Language Learning Subscription
LambdaLiterature,Literary Magazine Subscription
LuxeLashes,False Eyelashes
LuxeLuggage,Luggage Retailer
Luxurious Luggage,Luggage Store
Luxury Living,Real Estate
Marvelous Maps,Map Store
MegaMovies,Streaming Service
Mindful Meditation,Mental Health Services
MindMeld,Team Collaboration Software
MindMeld Therapy,Mental Health Services
Motivational Mentors,Life Coaching
MuMusic,Music Streaming Subscription
MuMystery,Mystery Box Subscription
MuseMusic,Music Streaming Service
MysticMoods,Candles and Aromatherapy
NanoNails,Nail Polish Subscription
Natural Necessities,Organic Groceries
NatureNook,Plant Subscription Box
Novel Notions,Idea Lab
NovelNotions,Innovative Products Retailer
NuNotebooks,Notebook Subscription
NuNutrition,Health Supplement Subscription
OmegaOutdoors,Outdoor Gear Subscription
OmegaOuterwear,Outerwear Subscription
OmicronOrganics,Organic Produce Subscription
Optimal Organics,Organic Farming
Optimal Outcomes,Management Consulting
OptimisticOutdoors,Outdoor Gear Retailer
OptimumOptics,Eyewear
Pet Palace,Pet Supplies
PetPalace,Pet Supplies
PhiFitness,Fitness App
PhiPhotography,Photography App Subscription
PicoPets,Pet Toy Subscription
PioneerPhones,Cell Phone Retailer
PiPizza,Pizza Subscription
Precise Prints,Art Printing
Premier Printing,Printing Services
PremiumPens,Writing Instruments
PsiPlants,Plant Subscription
PsiSocks,Sock Subscription
Quality Quilting,Quilting Supplies
Quality Quilts,Home Decor
QuantaCoffee,Coffee Subscription
QuillQuotes,Inspirational Quotes Retailer
QuirkyQuills Writing,Content Writing
QuirkyQuilts,Quilt Subscription Box
Radiant Robotics,Robotics Education
RadiantReads,Book Club Subscription
RadiantReady,Emergency Preparedness Kits
Restful Retreats,Bed and Breakfast
RhoRamen,Instant Noodle Subscription
RhoRings,Jewelry Subscription
SapphireStationery,Stationery Retailer
Savvy Savers,Financial Planning
SavvySocks,Sock Subscription
Sensational Spices,Spice Shop
SigmaShoes,Shoe Subscription
SigmaSweets,Dessert Subscription
SkyHigh Adventures,Adventure Tourism
Smart Homes,Home Automation
SmartSips,Coffee Subscription
StyleSavvy,Fashion Subscription Box
Sustainable Solutions,Environmental Consulting
Talented Tailors,Clothing Alterations
TauTea,Tea Subscription
TauTies,Tie Subscription
Tech Titans,Technology Consulting
TechTonic,IT Consulting
ThetaTech,Tech Gadget Subscription
ThetaTheater,Theater Ticket Subscription
Trendy Totes,Tote Bag Store
TrendyTech,Consumer Electronics Retailer
TrendyTees,T-Shirt Subscription Box
Ultimate Universes,Science Fiction Bookstore
Ultimate University,Online Education
UltimateUniversity,Online Education Platform
UltimateUtensils,Kitchen Tools
UpsilonUndergarments,Undergarment Subscription
UpsilonUnderwear,Underwear Subscription
Vibrant Vases,Vase Store
Vibrant Visions,Graphic Design
VibrantVinyls,Record Subscription
Virtuoso Virtual Assistants,Virtual Assistance
VirtuosoViolins,Musical Instruments Retailer
VitalVibes,Health and Wellness Supplements
WholesomeWatches,Watch Retailer
WholesomeWhisk,Baking Supplies
Wise Watches,Watch Store
Wise Words,Writing Services
Xcellent Xeriscaping,Landscape Design
Xceptional Xeroxing,Copy Center
XiXylophoneOrchestra,Xylophone Orchestra Subscription
XiXylophones,Musical Instrument Subscription
XpressoXpress,Coffee Shop Chain
XtremeXercise,Fitness Equipment
YogaYonder,Yoga Apparel
YogaYurt,Yoga Studio
Youthful Yarns,Children's Bookstore
Youthful Yogis,Yoga Studio
Zen Zoology,Pet Adoption Services
Zen Zumba,Dance Studio
ZenZenith,Executive Coaching
ZenZone,Meditation App
ZetaZen,Meditation App Subscription
ZetaZumba,Fitness Class Subscription
ZipZap Deliveries,Food Delivery
wefqewrqwr,Beauty Product Subscription
hyjgyjgukguip,Language Learning Subscription
Max's Company,Custom Jewelry
Test,Cheese Subscription
test123,Art Supplies
